upregulated,,,downregulated,,
gene id,log2FC,adj. P-value,gene id,log2FC,adj. P-value
COL17A1,6.639658811,1.17921E-19,PIF1,-5.571283147,1.54367E-67
SERPINB5,5.496514715,4.90191E-17,NEIL3,-5.565692858,4.28202E-66
INPP5D,5.414608217,5.89663E-14,NMU,-5.377337631,5.57848E-15
GPR87,4.981786068,9.86737E-31,NDC80,-4.978971706,7.7331E-127
NHLH2,4.847918241,0.000191936,KIF14,-4.957399042,4.7322E-223
FRMPD2,4.73732081,9.7263E-07,PLK1,-4.693794945,1.2653E-256
RGS22,4.720294467,1.29096E-08,CCNA2,-4.597642464,2.1962E-228
ADAMTS7,4.714356261,2.63571E-09,HMMR,-4.591489509,1.1109E-82
C7orf10,4.710068206,1.53331E-08,KIF20A,-4.586650428,2.596E-208
TRIM22,4.681766056,2.90997E-08,ESPL1,-4.511140254,1.6855E-204
MAF,4.658741148,5.51306E-12,KIF18B,-4.496143564,3.11511E-72
NCRNA00086,4.651380619,3.23676E-76,NUF2,-4.444146487,3.0741E-104
WDR63,4.528600776,1.83279E-11,FAM64A,-4.431028698,3.90437E-59
CDKN1A,4.527073049,7.65579E-19,SKA1,-4.429166142,3.56137E-35
PVALB,4.509394313,2.98007E-15,CDCA3,-4.411089318,9.569E-125
C5orf4,4.443407441,9.81047E-05,PRIMA1,-4.405460654,7.3194E-31
GDF15,4.421470008,3.58562E-08,NCAPH,-4.402602581,1.284E-175
CLCA2,4.417205009,2.41394E-14,CDC20,-4.395907366,3.0472E-233
ACTA2,4.394043801,5.04534E-47,GTSE1,-4.395680059,2.7768E-105
CECR1,4.368678485,0.000586,SPC25,-4.392038931,2.41529E-49
CYP4F8,4.347441957,3.94482E-09,MCM10,-4.379148458,1.7342E-188
KRT3,4.253225249,7.02716E-06,ASPM,-4.342015985,2.4637E-199
TP53INP1,4.235699984,2.26944E-51,DLGAP5,-4.32737587,7.31902E-70
APOBEC3H,4.035517614,2.32644E-13,UBE2C,-4.261494978,7.8884E-193
ANK1,4.020173766,2.14129E-13,DEPDC1,-4.234768969,1.1169E-129
CYGB,4.014742957,4.46146E-07,NCAPG,-4.230685158,7.96258E-82
GRIN2C,3.978507377,1.7321E-20,KIF2C,-4.224569655,1.1462E-209
TNFRSF10C,3.951016935,2.30754E-43,BUB1,-4.204601682,1.1049E-216
TP53I3,3.937318234,5.47812E-05,AURKB,-4.19664092,1.5482E-117
FLJ26850,3.916505829,3.72968E-12,KIFC1,-4.16699343,3.4838E-166
XG,3.891229736,3.5169E-37,TACC3,-4.160835262,1.207E-219
SHC4,3.859835777,0.000824287,MND1,-4.151021035,2.14512E-39
LOXL4,3.846825813,3.17666E-40,TERT,-4.150989426,5.77493E-09
C13orf18,3.840609894,4.15905E-11,CKAP2L,-4.109146805,5.90221E-86
BLNK,3.775744779,7.18015E-14,EXO1,-4.085796809,1.44263E-81
TNFSF15,3.753933595,8.8818E-09,FAM111B,-4.085279703,3.1528E-66
LIF,3.667818966,7.8215E-12,CDCA8,-4.072987505,6.1453E-156
GLS2,3.666510196,2.90532E-15,CENPF,-4.049714515,1.27461E-83
PIK3IP1,3.649964738,5.78504E-58,CDCA5,-4.041704939,1.3068E-187
ALOX5,3.647251296,1.06152E-08,KIF15,-4.038898551,2.99266E-82
CAPN8,3.642126632,0.000162833,MKI67,-4.028149291,1.1566E-300
SERPINF1,3.596392496,1.48234E-18,DMC1,-4.002259327,1.28207E-19
OLFML3,3.595847551,4.28312E-35,KIF4B,-3.982932218,4.1873E-40
RGS20,3.595129841,1.53892E-05,SKA3,-3.980470094,3.4657E-126
THRSP,3.576143088,0.000102212,CENPE,-3.973521065,2.2822E-139
DQX1,3.543764228,0.022084,RRM2,-3.962559416,8.9758E-249
PDE4C,3.505426063,2.25584E-05,IQGAP3,-3.958007454,2.7586E-154
SNAI2,3.476240638,1.31823E-09,KIF4A,-3.948539266,9.87012E-92
RGS6,3.471290188,2.82003E-08,ZNF367,-3.919564118,5.4302E-109
DAPK1,3.467435379,3.91429E-08,ERCC6L,-3.916691337,1.10617E-66
GRHL3,3.449528322,0.000101448,BLM,-3.894104142,2.30089E-90
EDA2R,3.422483537,9.27378E-39,TROAP,-3.889002891,2.3362E-147
PRINS,3.422214139,5.57041E-06,RAD51AP1,-3.878060024,2.41514E-47
BCAS1,3.392612132,1.58077E-07,WDR76,-3.865969252,5.06412E-63
SPATA18,3.389896807,2.67073E-54,PBK,-3.865021961,2.7293E-161
FSTL4,3.37517248,4.63172E-27,DTL,-3.864967724,1.19605E-96
ZNF488,3.351181612,1.03198E-50,CENPI,-3.859990981,9.45951E-34
PLCL2,3.297087547,0.000280181,C16orf59,-3.850486899,3.14934E-39
ZMAT3,3.284799169,9.604E-115,CIT,-3.845173136,1.6374E-133
C9orf44,3.272882517,4.76962E-06,CEP55,-3.825811367,1.3536E-162
YPEL2,3.242969246,1.38505E-92,TTK,-3.820562429,1.20267E-55
VWCE,3.234512181,8.06738E-08,SHCBP1,-3.814409808,4.3242E-134
GRIK5,3.214549183,4.48784E-06,ESCO2,-3.784467026,3.55117E-89
C1orf88,3.213126985,0.000186647,FAM72B,-3.774773662,5.72146E-15
IL1RN,3.202612437,2.9427E-20,MNS1,-3.767258843,0.00084634
MDM2,3.202085439,5.38636E-16,FAM72D,-3.733050366,1.7349E-08
PARM1,3.196535852,0.019727928,SPAG5,-3.719378925,2.5341E-140
MIR3189,3.173473689,3.08102E-06,BIRC5,-3.717061081,6.09029E-91
FOSL1,3.171136107,2.51179E-06,ORC1,-3.716315735,2.31021E-96
HLA-DQB1,3.134848803,1.72402E-60,GNB3,-3.703662247,2.13454E-09
PLEKHG1,3.102760654,3.6532E-09,XRCC2,-3.697626473,8.00066E-44
LMCD1,3.09377914,1.11482E-11,GINS2,-3.696465504,6.5062E-141
RGAG4,3.085540178,3.91951E-40,SGOL1,-3.689651673,6.50754E-36
ALDH3A1,3.058336498,0.009116906,BUB1B,-3.661356002,9.9597E-130
LCAT,3.056201281,8.59432E-17,C15orf42,-3.659043769,3.19756E-97
LRP1,3.029118958,4.58518E-21,PKMYT1,-3.648836541,2.02768E-62
SLC12A4,2.999280786,1.53929E-92,CDC25C,-3.64247016,5.33675E-47
BTG2,2.930905949,6.05099E-35,RAD54L,-3.640086981,6.57665E-79
TMEM40,2.930202004,9.12851E-14,HMGB2,-3.635075103,2.5731E-190
GSN,2.920949164,1.3746E-165,CDK1,-3.63493121,1.34161E-96
CATSPERG,2.918792896,4.08917E-12,NEK2,-3.604353596,6.87041E-42
SERPINA1,2.906485066,4.18103E-18,CDT1,-3.591478293,1.6964E-70
DPYSL4,2.895095816,4.14991E-05,CASC5,-3.579042791,6.9532E-143
GPR172B,2.882439983,3.04928E-25,TCF19,-3.573960807,2.81124E-97
CLIP4,2.879449293,7.33409E-15,NUSAP1,-3.571644189,3.7249E-122
SESN3,2.87078048,8.26843E-19,ANLN,-3.567344599,4.5173E-165
FAM196A,2.862083227,1.15679E-10,ORC6,-3.556093392,8.36251E-50
CALCOCO1,2.85691796,6.35712E-45,MCM2,-3.544244669,1.07497E-92
KLHDC7A,2.850318111,5.09647E-34,FAM54A,-3.541831331,5.17024E-30
PTAFR,2.848900163,5.48619E-06,CDC45,-3.530925027,1.5753E-120
DYRK1B,2.842665949,1.07422E-67,HJURP,-3.528898482,2.07846E-77
HES2,2.840919149,6.12729E-18,EME1,-3.525971251,7.67892E-32
HHAT,2.837104935,1.60803E-18,TRAIP,-3.520995505,4.21791E-36
TRIM29,2.827806303,2.01222E-08,GSG2,-3.520384976,3.37983E-33
TRANK1,2.815602095,4.15607E-12,E2F1,-3.503654404,3.1167E-127
MVP,2.792947451,2.50958E-07,PTTG1,-3.49297688,6.2159E-99
FAS,2.786535235,2.74551E-09,CENPA,-3.479944088,6.0639E-59
GADD45A,2.758310578,2.26212E-28,GPR19,-3.474847141,1.00182E-06
KIAA1683,2.757179391,8.4269E-07,TRIP13,-3.467597366,2.988E-124
KRT4,2.740359424,0.00084306,C4orf21,-3.465248039,4.25184E-41
KANK3,2.725900404,1.35428E-11,MAD2L1,-3.463984694,1.02108E-42
FGF18,2.710445327,6.67743E-12,C11orf82,-3.451363976,1.1389E-104
BBC3,2.703022318,6.62637E-08,KIF18A,-3.440688687,2.93927E-55
RASGRP1,2.702739718,8.05205E-08,FANCB,-3.433403692,2.01162E-23
FAM198B,2.687931916,1.21644E-35,CDC6,-3.379984131,1.4326E-112
TMEM88,2.682626694,1.34569E-05,PSMC3IP,-3.367183141,1.30318E-14
UCA1,2.677530524,6.48207E-05,FAM72A,-3.361282994,1.99123E-09
KRT15,2.674284903,1.21567E-20,CCNE2,-3.352696679,6.57432E-63
FAM65C,2.657757904,1.1077E-13,PLK4,-3.335832057,1.56893E-85
FDXR,2.640363351,3.55765E-17,KIF11,-3.328370816,6.7977E-131
PADI3,2.630852849,1.76335E-07,DMBX1,-3.316111781,0.000493766
AQP3,2.628378046,0.02554937,KIAA1524,-3.292649664,1.16191E-43
TNFRSF14,2.609040831,0.00043843,ATAD5,-3.286349738,2.84708E-37
PRODH,2.602542817,4.99659E-10,CCNB2,-3.274157671,4.2542E-115
MYO15B,2.590678566,2.9738E-47,KIF23,-3.265899021,6.9628E-126
CCR7,2.589062268,3.32738E-08,TOP2A,-3.256542063,3.5198E-73
HIST1H3E,2.587785659,1.2595E-06,C9orf100,-3.240874862,3.71801E-24
TIMP3,2.577373054,4.69924E-10,RAD51,-3.238104725,5.72139E-63
TP53INP2,2.568123239,1.35136E-05,CENPK,-3.236241427,1.23746E-52
SESN1,2.535717714,4.62424E-77,CNIH2,-3.234007531,6.09139E-19
CYP24A1,2.522882916,0.007792461,BRCA1,-3.229696915,1.93827E-96
MUC2,2.519072807,1.65011E-07,SPC24,-3.219666628,5.41661E-33
LDB3,2.513607939,9.5663E-05,ZWINT,-3.212324061,1.87664E-50
CLEC3A,2.495002101,7.6446E-05,PTTG3P,-3.211330205,7.63767E-38
NT5E,2.491078034,8.01835E-06,E2F2,-3.210735519,8.03785E-72
CCNG2,2.474743504,8.74356E-68,SGOL2,-3.205509574,2.04552E-87
ITGB6,2.469514514,2.73646E-07,MLF1IP,-3.201968573,1.43895E-73
PBXIP1,2.447847499,5.37454E-45,ASF1B,-3.193671668,3.895E-109
C17orf82,2.438576241,0.000146046,PRC1,-3.185680088,3.8374E-179
LOC284440,2.436489432,0.000732426,UHRF1,-3.169675047,8.42225E-54
AHNAK2,2.426145359,9.03543E-38,E2F8,-3.168926926,5.1371E-64
DGKA,2.426081219,3.0911E-24,CDCA7,-3.140560091,4.53834E-72
PSCA,2.426025245,1.05261E-08,BRCA2,-3.123804901,6.83009E-60
RIBC1,2.409824046,1.90138E-12,DSCC1,-3.104058245,4.92663E-74
ACHE,2.400931583,0.000321976,C14orf145,-3.101099031,1.23633E-33
KLHL24,2.393707027,3.46566E-21,MYBL2,-3.100429015,4.2478E-168
CAPN13,2.382586193,7.04207E-13,C5orf34,-3.082163579,1.25628E-28
KRT16,2.376126919,0.002687392,CDKN3,-3.079420519,1.11298E-82
RPS27L,2.371351064,5.6877E-105,MELK,-3.058142586,1.16206E-81
C14orf159,2.366550296,3.99039E-07,CLSPN,-3.055196935,2.04368E-67
ALPK3,2.352570197,1.9701E-09,CDCA2,-3.052487993,1.05535E-94
RLN2,2.348807532,2.1867E-08,PRR11,-3.043578108,6.3323E-174
SPTBN5,2.347430054,0.000520736,GAS2L3,-3.034196248,3.0374E-43
DUSP6,2.342454451,1.2389E-06,WDR62,-3.024964756,5.6578E-101
PDK4,2.342439129,3.53608E-08,POLQ,-3.016158681,5.67646E-63
SPNS2,2.325342947,0.000158851,ITGA2B,-3.012773692,2.34241E-10
HIST2H2BF,2.322662387,0.000111385,RACGAP1,-3.008247812,7.9904E-144
NAV2,2.313810962,0.000233047,FANCE,-2.99061641,7.63069E-24
SOX9,2.311423089,3.12215E-06,PRIM1,-2.986008796,3.19841E-61
C14orf182,2.297487251,5.00181E-06,PHF19,-2.972550294,3.2826E-101
FOS,2.289022353,0.013469633,UBE2T,-2.972515472,6.21077E-92
EFCAB10,2.284183319,0.003351209,NCAPG2,-2.963266174,9.48599E-52
C9orf169,2.282606543,8.75248E-07,CDC25A,-2.961662123,3.7424E-48
ZNF528,2.279891144,5.49575E-05,RACGAP1P,-2.958826437,1.66093E-40
ACER2,2.264772865,7.76125E-15,TNFAIP8L1,-2.9509193,1.75984E-20
ORAI3,2.262558276,2.54157E-08,ATAD2,-2.946878857,1.61791E-47
NDRG4,2.256888276,2.1867E-08,DNA2,-2.938964955,2.4753E-54
C14orf176,2.256460259,0.000219126,RDM1,-2.937679997,0.000129827
FILIP1L,2.254188692,0.001114677,POLE2,-2.914782045,2.35079E-39
PROCR,2.253895259,1.3628E-05,RIBC2,-2.897805363,1.76457E-06
PNRC1,2.244158484,7.51362E-68,KIF24,-2.894389144,2.3603E-24
LIPH,2.244094868,2.42002E-09,CCDC99,-2.892792618,5.4066E-71
MCC,2.243780581,2.67604E-18,CENPQ,-2.890067528,5.77692E-33
CEL,2.241596975,3.77472E-06,C17orf53,-2.884430176,1.05316E-19
LTBP2,2.240671417,2.28957E-12,CCNB1,-2.877520254,9.5394E-157
ARHGDIB,2.236835851,4.55502E-05,C18orf54,-2.875793915,2.43594E-22
GPR115,2.23342193,2.78948E-08,PTTG2,-2.869905156,7.40566E-09
PHLDA1,2.224815845,0.000200033,TK1,-2.869775308,5.9622E-129
LOC619207,2.221328339,0.000262167,NRM,-2.865333164,2.21085E-41
MACC1,2.214871734,0.003831172,CDKN2C,-2.861061259,2.84442E-41
MYPN,2.211413451,1.57391E-06,FANCI,-2.848996799,1.953E-134
HIST2H2BE,2.196229394,1.46971E-66,MXD3,-2.84855462,4.45962E-34
LHFP,2.196203902,0.001271983,CHAF1B,-2.822815447,1.75748E-43
C12orf5,2.191894074,2.68678E-23,HSD17B6,-2.821314772,5.48783E-05
DDIT4,2.188252115,1.73221E-96,DBF4B,-2.819127496,2.31881E-28
GGT6,2.187637454,7.11311E-17,FEN1,-2.811939985,6.2634E-113
NEDD9,2.175633349,4.95824E-07,ARHGAP11B,-2.811337383,1.91384E-06
EDN2,2.163512661,1.11382E-12,MCM5,-2.805269244,6.1285E-121
CYFIP2,2.155595218,6.63559E-29,FAM83D,-2.79932241,1.1719E-93
ARHGAP42,2.153377675,0.000383628,ARHGAP11A,-2.798393515,3.6221E-111
RRM2B,2.152136375,2.52758E-20,CENPL,-2.754621502,8.39116E-57
MXD4,2.147259021,4.35398E-77,FANCD2,-2.745189429,1.89811E-69
SLC16A4,2.134455546,0.000990568,STIL,-2.743625723,1.05262E-85
RAB37,2.133587883,1.46531E-20,NRGN,-2.738362339,3.06339E-11
C13orf29,2.130879915,1.62269E-10,FIGNL1,-2.713984016,6.49762E-54
LRRC15,2.120924858,0.007161727,CDCA7L,-2.710075737,3.30498E-44
LAMC2,2.119770538,5.41601E-13,UNC5A,-2.708284307,1.15572E-09
FHL2,2.113256059,7.87994E-30,CHAF1A,-2.70578682,1.15035E-51
LXN,2.109720104,0.002843633,PTGER2,-2.695674579,0.000754407
SSTR5,2.104235198,0.000240637,CCDC15,-2.682450671,9.5717E-08
SESN2,2.095572262,7.93802E-21,TPX2,-2.682327574,7.7834E-146
PTPRH,2.086344447,0.000439215,CCDC150,-2.677741398,1.92369E-08
MTRNR2L6,2.083685134,0.010119337,LHX2,-2.6771528,1.29435E-05
BBS12,2.076167822,0.00018446,WDHD1,-2.67705565,8.65752E-45
CARD6,2.074808448,0.00176922,LOXL3,-2.670047342,8.86352E-13
DISP2,2.060581983,6.73174E-10,RTKN2,-2.666521884,6.4151E-26
PLD1,2.060228466,2.01866E-10,CENPM,-2.659215794,5.61932E-35
KLK8,2.058951648,0.003877749,MCM7,-2.642532597,1.2958E-141
TSPYL2,2.054281602,1.61649E-11,SMC2,-2.638608282,3.95963E-39
DOCK3,2.053566357,0.002128977,CEP72,-2.638086685,2.76018E-16
LOC285830,2.050666757,0.001816788,FBXO5,-2.638029419,6.86767E-20
C13orf31,2.049522832,3.42566E-29,NPTX1,-2.633991412,4.67154E-06
HIST1H4H,2.045228341,1.16631E-05,NFKBIL2,-2.633858196,1.62354E-97
ACP6,2.043252647,9.80375E-10,CEP110,-2.63295036,1.02648E-30
RBM20,2.039106149,4.07052E-05,PSRC1,-2.629677339,2.82276E-66
MAP2,2.023773042,1.19996E-05,STARD8,-2.624874246,0.000213916
TCP11L2,2.020582054,2.60381E-05,POLA2,-2.620071449,1.09059E-65
HLA-DMA,2.017248767,8.10784E-08,AURKA,-2.61352934,1.3304E-108
PTPRE,2.01718944,4.76306E-11,INCENP,-2.613487714,5.60099E-86
TP53TG1,2.006497026,8.77173E-29,RECQL4,-2.609936927,5.5705E-108
HIST1H2AI,2.001841173,0.000133769,LMNB1,-2.600489069,7.8698E-132
RPS6KA2,1.99222469,3.49104E-11,FOXM1,-2.599125482,9.4064E-117
LOC643008,1.991719438,7.50547E-11,HAUS8,-2.588127908,3.45014E-38
PLXNB3,1.989925922,8.99964E-28,RBL1,-2.580903652,1.50809E-50
PGPEP1,1.968454211,3.83977E-11,KIAA0101,-2.580899547,3.95847E-38
LOC645431,1.9676784,0.000168311,ANKRD43,-2.578554353,6.8925E-17
ZFYVE1,1.961525943,1.12649E-05,NCAPD3,-2.569960306,2.68855E-83
SYT8,1.958350729,3.01815E-05,RADIL,-2.558189301,3.42251E-06
HIST1H3H,1.954248721,8.73813E-12,FANCA,-2.557905305,2.17849E-83
DEPDC6,1.947583315,1.60045E-05,KNTC1,-2.550842028,8.84391E-90
RASSF2,1.946956622,0.000758665,CENPH,-2.549584872,4.87332E-50
AGAP11,1.942028265,1.81153E-12,CCDC18,-2.54926507,8.11754E-19
SOD3,1.941970339,0.000338951,OIP5,-2.547207212,2.40668E-31
BEX4,1.938881352,3.32063E-05,C15orf23,-2.537785541,2.55335E-69
TRIM5,1.936122402,6.78537E-19,CCNF,-2.531573991,5.30866E-97
PLAU,1.934446745,4.5664E-16,DDX12,-2.52063526,3.9304E-15
LOC100134868,1.930023844,0.001874561,RFC4,-2.515120196,4.96816E-46
SSPO,1.924389124,3.18505E-16,CHTF18,-2.495625422,2.78816E-97
APOD,1.921370997,8.82451E-05,CENPJ,-2.494774887,3.30625E-42
ABAT,1.919886571,8.37186E-88,RFC3,-2.480023746,3.87014E-85
KIAA0513,1.919044775,1.1543E-25,ACTL8,-2.469808799,0.001102479
LYNX1,1.918733461,0.000130227,RNASEH2A,-2.467305194,6.91294E-65
C20orf108,1.915540603,3.70884E-07,POC1A,-2.465743776,4.90828E-40
ABCA12,1.915193732,5.42293E-54,STMN1,-2.455149278,5.95379E-29
C1QTNF6,1.913935497,6.89438E-27,KIF20B,-2.453185997,1.29686E-72
RHCG,1.911001506,0.002931761,DUSP9,-2.443354221,3.8078E-11
RFX5,1.909273348,1.05277E-15,MASTL,-2.431958146,1.05344E-69
KLK6,1.903771263,5.24665E-14,PRTFDC1,-2.428127574,0.000443979
RSPH1,1.902101742,2.53137E-07,CTNNAL1,-2.407804972,1.45816E-15
UGT1A6,1.901023455,0.013023,C1orf112,-2.398102593,1.12483E-31
GNA14,1.900290771,9.74767E-06,ZNF257,-2.39209074,1.74561E-09
KCNF1,1.898333429,7.33123E-11,CKS1B,-2.391327865,2.40908E-26
LOC284379,1.895665753,0.003487706,MGC12982,-2.384651356,1.00693E-07
SYTL1,1.890872437,8.43465E-12,GINS1,-2.375468562,5.87919E-79
PIK3R3,1.889989455,5.52586E-52,GINS4,-2.355208487,1.37082E-33
YPEL3,1.889858082,7.69773E-16,AURKAPS1,-2.349163604,1.01752E-14
SYNPO,1.887444842,1.42251E-10,TMEM194B,-2.346910755,4.36775E-12
WISP2,1.880785197,8.62053E-11,GINS3,-2.342191907,8.20823E-26
PSTPIP2,1.876591009,8.10696E-25,UBE2S,-2.340363799,1.27054E-57
CEACAM19,1.872255849,1.19211E-07,SLC29A1,-2.326449885,3.86264E-31
C16orf45,1.866617812,0.001294292,KHDRBS3,-2.322964962,0.00050703
ABCC3,1.865951091,3.09588E-30,CEP152,-2.31891806,4.00933E-26
GABARAPL1,1.865452709,3.33273E-06,MMS22L,-2.304402107,5.9803E-54
ANKRA2,1.862246923,5.33689E-18,LOC100128191,-2.28673053,1.00777E-09
ZNF750,1.860828615,1.36388E-11,GRIK3,-2.283970047,0.000177202
NR2E3,1.859479373,0.001446307,TIPIN,-2.283407296,1.06329E-24
SYBU,1.859091254,3.45015E-05,ITPKA,-2.280483443,5.97823E-06
C16orf5,1.853519957,2.87667E-08,NXPH4,-2.278037396,1.55761E-05
TSPAN1,1.852342974,0.004094893,NCAPD2,-2.274707199,5.2719E-105
CALD1,1.847700016,1.43806E-11,NES,-2.273059054,3.08894E-20
DTX1,1.84738404,0.000867032,LOC642846,-2.272138868,4.33828E-07
AFAP1L2,1.836710767,0.006585484,DHFR,-2.271212692,1.03221E-22
SPINK4,1.836484031,7.54513E-05,DUT,-2.267231454,8.72849E-68
ARL15,1.828867414,1.23043E-25,BRIP1,-2.266588438,3.8955E-30
ZFHX2,1.827491993,2.64256E-10,SASS6,-2.259452027,1.53589E-21
SILV,1.826250761,2.82816E-08,DSN1,-2.252502772,5.6161E-46
PNPLA7,1.823879677,1.51874E-07,GPSM2,-2.247410718,1.63E-61
MFSD4,1.810825219,0.004546657,BARD1,-2.245512108,1.05521E-27
C1orf183,1.799462727,5.25025E-38,FOXD2,-2.241332624,1.38166E-05
PLA2G10,1.798776816,0.004930837,HELLS,-2.240451536,2.88358E-22
NMNAT2,1.798490639,0.010100236,TAF5,-2.231594317,5.49524E-10
KIAA1217,1.792590173,7.88967E-47,CCHCR1,-2.221845759,2.81683E-10
SERPINB8,1.789300658,2.14263E-06,MCM4,-2.221837869,4.56397E-96
ASB9P1,1.788781761,0.018738884,ZWILCH,-2.220069176,2.82364E-71
TEX9,1.78755486,0.003495569,C16orf75,-2.218172035,3.01746E-51
MAG,1.786579889,9.29193E-06,H2AFX,-2.215422302,4.38867E-96
TMC4,1.780500265,4.53331E-12,C21orf45,-2.207562361,3.01453E-29
PHLDA3,1.778997792,3.18042E-60,MCM8,-2.196616571,1.28263E-43
FLJ35776,1.776580902,0.003281272,C4orf46,-2.19513394,1.16702E-21
PPP1R3B,1.774012487,7.03028E-08,GGH,-2.194115176,3.65907E-45
DDO,1.773461886,0.011704838,SMC4,-2.193163223,3.57283E-56
HLA-DRB1,1.772768839,6.62637E-08,TEX15,-2.179954548,3.67755E-05
HSD17B14,1.771420951,0.006278992,RTTN,-2.177456742,2.31317E-22
DIRC3,1.770884812,0.00127393,ARHGAP33,-2.176170968,3.27926E-25
NTN4,1.769346283,0.006046919,CENPW,-2.175312972,3.87925E-20
PLK3,1.767056044,4.60389E-17,ZNF519,-2.171443656,9.80802E-05
FANK1,1.762158096,0.00035855,RFC2,-2.168306167,6.08295E-53
UCP2,1.761771414,2.16188E-57,ANP32E,-2.157686901,2.97832E-81
KRT20,1.758733582,0.01117082,TP73,-2.145502799,5.92656E-09
CALML5,1.757680078,1.6918E-05,MCM3,-2.14416064,1.26608E-55
TNFRSF10B,1.754673693,9.37638E-40,C13orf27,-2.143634716,9.20042E-16
NTSR1,1.747472752,0.00072164,CENPO,-2.136908045,5.65163E-32
ZNF469,1.7472137,4.35297E-08,RFC5,-2.126019584,1.38001E-58
TNS4,1.747157448,0.039505769,TMPO,-2.121833469,1.9158E-90
TGFBI,1.741449414,0.004821248,CSPG5,-2.115530489,0.000237563
HLA-F,1.733882778,1.74578E-07,POLD1,-2.109353187,1.48459E-65
LOC729723,1.73195754,0.01725071,C12orf48,-2.109079204,9.306E-35
SLC7A8,1.730765169,2.31121E-27,NR2F1,-2.107706247,4.0146E-07
CROT,1.730372382,4.41333E-34,TTPA,-2.103529971,0.006543989
C17orf108,1.727681569,1.20122E-05,TUBA1B,-2.100521228,9.19766E-86
KILLIN,1.724598086,1.41338E-08,SNORD26,-2.085821065,0.00182501
NXNL2,1.72404209,0.00325583,MTBP,-2.083744121,1.14594E-12
NCKAP5L,1.719357928,1.87549E-28,LYN,-2.080858533,0.000625474
C15orf38,1.71851728,0.008208535,SP4,-2.067888992,4.7629E-06
ASB9,1.714775237,1.01557E-17,HUNK,-2.052815534,2.48129E-07
FER1L4,1.712086629,2.45302E-18,KCNC4,-2.043687825,0.000120816
STEAP3,1.708411633,0.000188011,KCNS3,-2.030392119,3.49612E-17
EDN1,1.704756359,9.35227E-14,C2CD4C,-2.019419098,2.27862E-07
DUSP10,1.700936687,4.9387E-06,KIF26A,-2.011473213,3.62542E-17
RIN2,1.700194498,1.78654E-08,GJB2,-1.999859146,0.000380757
C17orf91,1.699820618,5.04829E-08,DEPDC1B,-1.99729975,1.16817E-45
SCUBE2,1.698937608,4.6764E-14,CENPN,-1.994767595,1.69889E-69
MYEOV,1.69164276,0.00511478,MCM6,-1.992946185,3.44714E-76
BAX,1.69129446,2.17898E-28,DPF1,-1.990030362,3.15706E-07
FAM49A,1.690670685,0.011467301,COCH,-1.98826563,7.29625E-06
SPATA7,1.688358442,1.69365E-14,MYBL1,-1.983205739,1.98998E-08
PGLYRP2,1.686207749,0.013235105,KIF22,-1.972316442,2.06607E-76
ADAMTS13,1.685437829,1.27131E-06,LGI2,-1.972059036,0.002206893
SRMS,1.684928922,0.00196818,FANCG,-1.970178742,3.45014E-38
PLA2G3,1.682684537,1.22732E-07,C20orf160,-1.957198215,0.000100662
C21orf63,1.682305013,0.041204241,TMEM149,-1.955341857,9.42243E-05
REEP2,1.682009623,0.017745976,PRIM2,-1.954525379,7.80842E-32
SH3TC2,1.6812807,0.010048732,VRK1,-1.951442585,1.13845E-34
RNF144B,1.680773419,2.81558E-05,ZNF695,-1.950521032,3.01645E-09
KIAA1370,1.679957438,9.2728E-51,ANKRD32,-1.946434256,1.12063E-18
DUSP4,1.67751919,0.046814687,LOC81691,-1.944490741,3.81002E-19
KCNK3,1.676659575,0.003443594,H2AFZ,-1.940919632,1.12906E-84
SRGAP3,1.673376672,0.000110559,FLT3,-1.933297981,0.000216494
MAOA,1.668039431,0.00284819,DONSON,-1.930246472,3.5134E-21
F8,1.666940938,4.07255E-05,DNAJC9,-1.923124975,5.76883E-43
ZNF596,1.664447708,2.5592E-10,ZNF684,-1.913716139,0.000706578
AGR3,1.663204073,0.005837521,NCAPH2,-1.91239323,3.83274E-35
LOC100131434,1.662388028,0.011578161,GNAZ,-1.905189782,8.61699E-15
STAT6,1.660484533,0.008007565,KIAA1274,-1.902953413,0.000777741
GBP2,1.655962549,2.58161E-08,DBF4,-1.90145822,2.34712E-29
HPX,1.647620522,0.001272708,SUV39H1,-1.897377866,4.22984E-33
VAMP5,1.642438238,9.05643E-05,GAL,-1.89471936,0.000291743
ARSA,1.640825883,1.69563E-13,MDC1,-1.894379858,3.83256E-60
ZNF337,1.640317111,1.25622E-33,CDC7,-1.890323813,8.82615E-21
INPP1,1.638318891,8.02763E-13,YBX2,-1.885679554,1.16412E-19
ANKRD22,1.637611461,0.016452345,RNF157,-1.8757235,2.82816E-08
ABCC6,1.636911066,0.005266422,DIAPH3,-1.875358465,2.97666E-27
GCNT4,1.635561694,0.003310081,TIMELESS,-1.872793083,7.27099E-68
NEAT1,1.630084234,1.52708E-10,BCL2L12,-1.870602373,1.78927E-33
ALOXE3,1.628172995,0.00214159,TEAD4,-1.870080002,1.32627E-27
HSD17B7P2,1.622435712,0.003051515,APITD1,-1.868140937,4.36142E-08
HIST1H3A,1.619007742,0.036154028,FAM188B,-1.86674701,0.016054939
IDUA,1.618138844,2.2239E-12,XRCC3,-1.862808183,7.74746E-30
ARHGEF37,1.61761588,3.34982E-05,CDCA4,-1.8591539,1.20914E-37
YPEL5,1.616992008,1.51009E-34,POLE,-1.858769264,1.53357E-66
AGR2,1.615771311,1.05193E-59,RMI1,-1.85191026,4.80673E-35
C18orf56,1.608403742,1.68706E-09,C10orf78,-1.850649547,1.4813E-07
CLSTN3,1.604763696,5.85464E-18,SLC38A3,-1.848697956,3.5974E-07
TMEM229B,1.597613979,5.94642E-10,GMNN,-1.845311669,1.53441E-35
ZNF423,1.596623482,0.006097472,KCTD12,-1.838834086,3.79891E-08
DCP1B,1.588474011,8.992E-13,TMEM194A,-1.83343059,9.65907E-47
GADD45G,1.580487249,0.009200904,SLC25A19,-1.828917269,2.64526E-11
OXTR,1.578267611,0.009274028,MT2A,-1.82571543,0.000685706
PAQR6,1.576769659,1.74595E-10,FAM161A,-1.814911638,5.10657E-06
TXNIP,1.573651854,7.44078E-12,POLD3,-1.812155593,1.95395E-30
IGFBP5,1.572513706,4.20773E-55,LIN9,-1.799777965,4.83143E-12
ODZ4,1.571138159,0.003860467,AMIGO2,-1.786646871,7.84882E-05
COL11A2,1.567398747,0.000409214,CDC25B,-1.784418063,7.24524E-19
POLH,1.564905479,1.39806E-12,SLC16A10,-1.784169614,0.004183076
PTGER3,1.564745131,0.019912296,MIR17HG,-1.778083071,0.012197534
HSPB8,1.560289341,1.64361E-50,C9orf40,-1.777671593,3.64667E-15
LIMK2,1.558713351,2.05032E-46,POLA1,-1.77559217,8.74161E-43
MUC5B,1.556712916,3.65658E-05,SLBP,-1.774039094,3.30432E-42
EPS8L2,1.55562982,2.12769E-23,DTYMK,-1.764942732,1.98131E-36
ZNF610,1.554721054,0.000165499,KLHL23,-1.763091279,2.98827E-10
ALS2CL,1.554543561,9.86669E-15,G2E3,-1.760275892,3.96596E-32
CAPN2,1.554208898,2.95813E-05,ZNF90,-1.75769132,0.000315978
RASAL1,1.554090379,1.36906E-08,FLJ37201,-1.756997994,0.006467082
FXYD3,1.553364531,4.92966E-05,SLC16A7,-1.74380782,1.87503E-08
GCNT2,1.552476829,4.09554E-06,CHEK1,-1.742642996,9.27146E-28
PCDHAC1,1.548321051,0.007604028,GEN1,-1.741182004,9.61643E-34
C2orf18,1.548181349,4.18684E-08,C13orf34,-1.741045116,3.61746E-12
SGK223,1.546341153,6.68935E-19,HIRIP3,-1.737337031,2.53274E-21
WBP1,1.544503282,6.10163E-19,PPIL5,-1.734770501,2.4796E-31
TAGLN,1.543430908,0.002220171,SNORD29,-1.734688321,0.000640193
FAM25A,1.539284205,0.000253884,C21orf58,-1.733338133,1.02441E-16
ALDH4A1,1.536114918,1.9491E-49,DHTKD1,-1.731184826,3.08236E-62
CDSN,1.531008114,0.014853684,KPNA2,-1.726407957,4.05584E-70
CNTD2,1.525139978,0.033964219,CBX2,-1.726223599,8.62114E-44
KIAA1210,1.521612148,0.008955769,JAG2,-1.726048424,4.80673E-35
ARHGAP30,1.521237629,1.97748E-05,FZD8,-1.723210785,0.004619898
MSX2,1.517358865,1.60855E-38,MYO19,-1.712709391,2.89333E-39
RNF39,1.516088063,0.002063052,CCDC138,-1.710893421,9.22219E-12
GBP3,1.512780281,5.1779E-05,RNF26,-1.710640621,9.36952E-22
EOMES,1.509630808,2.04794E-08,DUSP7,-1.709653172,7.884E-12
TSPAN31,1.507609501,2.46517E-17,RRM1,-1.708310523,2.03813E-56
SLC16A8,1.506938975,0.010263152,ONECUT1,-1.706369617,2.75708E-08
LOC283070,1.506052435,1.04554E-08,SLC36A4,-1.70564742,2.42593E-07
KDM4B,1.505467321,2.61472E-34,NPR3,-1.705032375,3.18467E-21
CAPN9,1.505460443,0.001645497,HEY2,-1.703494713,0.015680472
IKBIP,1.504062142,4.61885E-12,TMEM48,-1.703430153,1.15825E-46
ID3,1.5002261,0.003030212,DEK,-1.703033908,8.68895E-61
KRT80,1.499330847,0.000318784,KHK,-1.702681,9.82875E-16
CABYR,1.499097376,6.05818E-06,SCML2,-1.702053124,1.85827E-08
GAMT,1.497866877,0.029020132,BEND3,-1.70162583,7.22277E-21
SPOCK2,1.494509674,0.001793609,RPL39L,-1.700511604,5.57627E-15
MR1,1.493144513,4.13449E-07,ADAM11,-1.695579575,6.07789E-05
PSG9,1.492821094,0.010299897,NRARP,-1.694143202,5.52299E-18
RAP2B,1.490660641,3.34343E-19,TCOF1,-1.693972139,1.27006E-44
SLC31A2,1.489822272,5.69208E-06,CDKL1,-1.691449163,0.018897619
CCDC96,1.487973957,0.000399779,SNORD88B,-1.690300853,0.001952424
SLC43A2,1.480811997,4.89408E-13,ARL6IP6,-1.686797186,6.42521E-19
C15orf34,1.48036445,0.003540458,C14orf106,-1.686623628,3.2873E-36
MYO16,1.477540383,0.000114023,MZT1,-1.68564832,1.01401E-23
CCNG1,1.477316058,5.51213E-50,DHRS13,-1.679920752,7.67415E-21
LOC729375,1.476986874,0.000650517,DNMT1,-1.675087526,1.44981E-60
C17orf103,1.473829449,0.021577167,HIST1H2BJ,-1.673856953,1.09509E-05
CD22,1.472766407,7.1749E-09,SCLT1,-1.671377467,3.68121E-09
LDHD,1.468303125,3.85072E-12,ARID5A,-1.668757614,0.000240065
FBLIM1,1.467528602,0.001335223,SNAI1,-1.666794919,0.001735532
MYOF,1.46469976,2.94388E-41,NASP,-1.656174372,1.24269E-44
PCDHGA6,1.464017022,0.02621596,WNT10B,-1.654201614,0.003325174
TRIAP1,1.462912054,1.21701E-12,DCK,-1.647478608,1.58955E-27
ABCA1,1.461352837,7.7257E-07,CDK5RAP2,-1.643164758,5.45497E-26
ARRDC4,1.461334255,2.38487E-19,RPP25,-1.637543491,1.20691E-09
PPP2R5B,1.46130995,8.62783E-10,C19orf40,-1.635800589,0.000232111
XPC,1.460719215,2.00291E-22,ADD3,-1.632860302,5.06375E-06
TLE6,1.460711176,0.012745246,TUB,-1.632283747,0.00167061
BTN2A2,1.460334809,4.11929E-06,HIST1H3G,-1.630384933,0.014328929
CPE,1.458612535,0.021160056,H1FX,-1.627393525,1.44067E-13
P2RX2,1.457909359,5.70343E-15,CEP57L1,-1.625632429,3.57946E-08
FAM155A,1.455839417,0.046303336,GPRIN1,-1.625170212,2.92872E-24
KLF9,1.453976537,4.74551E-26,UNC5C,-1.623590767,1.37502E-06
THSD4,1.453392907,1.17915E-14,DCLRE1B,-1.622245067,2.58907E-41
ANXA3,1.452583502,7.05983E-09,POLR3G,-1.621232825,5.96468E-07
PMEPA1,1.452258044,1.60769E-37,TMEM38B,-1.616509262,3.98763E-26
PTK7,1.452003162,8.43662E-05,CDC42EP2,-1.615298638,1.56009E-08
ARHGAP18,1.451678207,2.24554E-06,RAD18,-1.614458151,3.84448E-29
ZNF79,1.449303009,2.09906E-09,SKP2,-1.614069431,6.72772E-13
SLC26A2,1.447062216,0.001132831,DDX11,-1.608355343,1.15742E-19
MBNL2,1.446671816,2.6449E-13,LMNB2,-1.603473216,4.95775E-55
WBSCR27,1.445928573,0.018030784,HAUS5,-1.595153717,4.30356E-25
HSH2D,1.444755213,0.003032585,LYAR,-1.594413124,9.88859E-32
TRIM21,1.443332734,2.63079E-07,CARD10,-1.593971014,9.92421E-16
IQSEC2,1.442193056,2.30982E-15,RAD54B,-1.593914414,8.87303E-15
WIPI1,1.43875057,2.89976E-27,RNF144A,-1.588419445,4.96216E-05
STX1B,1.436330749,0.003968824,C5orf23,-1.587482489,2.07718E-17
GPRC5A,1.435258092,7.5623E-18,HAUS7,-1.585255095,1.00449E-18
IL4R,1.42894411,4.06991E-17,WNT3A,-1.584152878,0.03724866
PRICKLE2,1.424219125,8.81468E-39,LINGO1,-1.58120344,3.78439E-06
CPEB4,1.423757359,1.90794E-17,GABRB2,-1.577171973,0.045318292
CDKL5,1.423648934,0.001438707,PRSS53,-1.573589811,9.25585E-05
KIAA1539,1.423182949,4.17886E-13,EXOSC8,-1.572382564,2.83703E-27
TMEM45B,1.418906762,8.74862E-10,LBR,-1.564606282,1.16327E-29
PTGES,1.418145648,0.049271426,RFWD3,-1.557508525,1.37523E-48
RINL,1.415007201,0.006645703,NUP107,-1.554841188,4.76858E-43
ZNF561,1.413335579,7.65875E-22,VKORC1,-1.554213779,9.13093E-31
LPXN,1.410132304,0.010685126,SNORD30,-1.553872308,0.003939236
BIK,1.407232597,0.000209782,MAPK8IP2,-1.55300353,3.18452E-07
DNAH1,1.399386767,0.000156488,ITGB3BP,-1.54779932,2.56301E-12
PRRG1,1.399050279,0.000273605,CENPP,-1.547108462,4.28599E-06
SYTL2,1.39578116,8.13652E-49,NT5M,-1.546321333,0.011145016
NICN1,1.395611953,5.60489E-07,ECT2,-1.544070435,2.33705E-48
COL7A1,1.394834218,0.000206571,FANCM,-1.54127303,1.99222E-08
TMEM53,1.393990877,1.30409E-05,CSRP2,-1.538825564,0.014883629
C22orf23,1.393588177,0.007788323,LRRCC1,-1.536793731,1.29188E-09
GAD1,1.393088591,0.002108694,TNFRSF18,-1.532546839,0.020853545
COL16A1,1.392689163,0.020381216,RUNX1T1,-1.529945368,1.18552E-05
THNSL2,1.390548528,3.96372E-07,PARP2,-1.529574903,1.14805E-19
VPS13C,1.390465961,3.773E-30,SOX18,-1.529428032,0.000108655
GM2A,1.390153845,5.06359E-11,DRD1,-1.526883259,0.000862983
GATS,1.389532928,7.69863E-10,RAB3IL1,-1.524558995,8.7682E-07
PI4K2A,1.389483193,6.77796E-08,TOPBP1,-1.522407502,7.0919E-41
C8orf46,1.389215589,0.049453162,NFKBID,-1.52100537,0.003202741
RAB40B,1.388153529,2.01737E-10,ARHGAP19,-1.520751288,4.9113E-18
CNGB3,1.386256399,0.005427458,EZH2,-1.518817771,9.9464E-31
NFATC2,1.381833412,8.13258E-05,CHRNA5,-1.518093795,1.99667E-19
PGM2L1,1.381716006,0.003940329,RANBP1,-1.517464206,1.87296E-32
WDR81,1.380770316,2.3172E-15,TMEM107,-1.509131661,4.54212E-05
C5orf41,1.379752996,0.000205229,NCRNA00052,-1.508902035,0.014042282
CYP4B1,1.379595042,0.003012556,LOC254559,-1.502141924,4.19961E-11
KIAA1908,1.372993067,5.71769E-19,C6orf150,-1.500228309,5.75374E-05
PROM2,1.369297903,2.09679E-17,TNFAIP8L3,-1.496365899,0.003865869
PRKX,1.365571066,8.93115E-15,FLT4,-1.493307436,1.67039E-05
LOC282997,1.365270384,9.20472E-05,IL17RB,-1.489919123,3.79749E-08
C1orf57,1.364727134,3.16156E-10,TFAP4,-1.484687559,4.10727E-08
A2LD1,1.364708495,0.024800905,TMEM97,-1.480514838,8.63836E-31
DDB2,1.362661688,1.21635E-38,GPRC5B,-1.477942624,0.038071518
APOA1,1.361594449,0.026921304,ZNF530,-1.476388404,0.000445002
TUBA1A,1.361335614,0.000101543,MSH6,-1.476071846,4.92057E-46
NYNRIN,1.360976185,0.00119079,ASRGL1,-1.47522857,3.05724E-07
CA5B,1.355485612,0.000453466,FANCC,-1.474477121,1.88157E-22
FLJ44511,1.355188449,0.033996028,PASK,-1.473325676,2.32975E-18
TMC7,1.354027533,1.78788E-06,EPB41L2,-1.470647385,2.42863E-16
RAB19,1.353939696,0.002610219,CDK2,-1.467880308,1.75882E-37
LOC100132111,1.353891907,0.022480488,FGFRL1,-1.4643857,5.66614E-22
CCND1,1.353371181,3.92858E-47,USP1,-1.463577544,1.79315E-37
OSCP1,1.351083378,2.33098E-05,WRAP53,-1.461274507,1.62433E-11
NECAB2,1.350380129,0.004253935,FMNL3,-1.460291242,3.258E-13
SNX29,1.348434105,3.63064E-12,KCNIP3,-1.45410406,3.35946E-07
B3GALT5,1.343933497,0.029791105,GK,-1.451336506,0.036714019
IVD,1.342834145,4.53205E-38,MSH2,-1.448913048,1.82416E-18
SAMD12,1.341991264,4.3275E-11,TTF2,-1.447094318,9.34692E-37
EPAS1,1.341517357,2.39575E-08,H1F0,-1.446117825,2.18335E-47
CAMK2B,1.340166009,4.41357E-06,TFCP2L1,-1.445572887,0.014845802
ALG1L,1.338686987,4.72528E-06,LOC399815,-1.444915461,0.011155904
MAST4,1.338583273,1.55204E-19,SIVA1,-1.441297127,1.06473E-29
ZNF219,1.336521407,3.26796E-10,GNG13,-1.43709748,0.000132003
DRAM1,1.33255839,2.52838E-24,C9orf140,-1.436206906,1.11671E-44
LOC344595,1.32883431,5.25744E-06,PIM1,-1.436159991,5.67009E-06
CSNK1G1,1.326134413,1.40836E-20,CEP78,-1.434368255,1.30843E-23
CBLN3,1.325126335,0.01298143,CTSL2,-1.430669294,0.000134949
USP2,1.325112768,0.001567292,SH3BP1,-1.426997869,4.60902E-14
LOC100130932,1.324680647,0.002550404,PHF17,-1.426709224,2.1259E-21
LOC653113,1.322292129,0.000483866,ADCY3,-1.425321396,8.81174E-20
MAP6,1.317596048,0.00969833,USP37,-1.420060484,2.84832E-19
ZNF155,1.315746006,0.000229774,RPA2,-1.418680526,2.07659E-18
HOXA11-AS,1.315386607,0.013025249,SIX2,-1.415284862,0.001016324
C3orf52,1.310496128,0.004826404,WHSC1,-1.41283361,3.05361E-45
ANKRD56,1.304224427,3.7313E-05,TMEM201,-1.412754811,3.67025E-14
MIR614,1.303856635,0.001759216,SNORD28,-1.411516824,0.039936598
FAM161B,1.302135734,0.000994496,MMP16,-1.41130738,8.80417E-05
SERTAD1,1.299574394,3.77918E-17,ZNF718,-1.409577393,3.27718E-05
THBS3,1.298645026,7.95819E-12,KLF11,-1.403139919,8.14298E-12
LOC100129480,1.296277031,0.002528373,ACD,-1.40263284,1.67486E-18
LOC100130238,1.295239155,0.034522187,DPYSL2,-1.402199961,7.03726E-09
PAQR7,1.294857871,9.32173E-07,GLB1L2,-1.399663252,9.12879E-10
C3orf57,1.294354666,2.21757E-43,C1orf96,-1.396390905,8.65326E-14
AMTN,1.293874988,0.04088646,S1PR5,-1.392648574,3.01988E-05
SULF2,1.293411527,4.27797E-23,SLC10A3,-1.39107776,1.34126E-23
C1orf85,1.290802435,2.91205E-10,CKLF,-1.388715235,0.014042282
F2R,1.290337917,0.001065615,EEPD1,-1.380854379,0.03756207
KDM6B,1.285892516,1.36048E-21,IMPA2,-1.377599552,4.40759E-15
ZNF323,1.282170201,4.30597E-07,LRRC3,-1.376609574,0.00352347
LOC402778,1.281022535,3.08407E-13,CDKN2D,-1.375786838,0.000139037
FOXI1,1.279855221,8.22781E-05,ADAMTSL3,-1.375403943,4.73611E-05
BTBD11,1.279579233,0.031406504,DNMT3B,-1.371819942,2.21042E-10
CCDC159,1.278680538,0.000111385,HSPA2,-1.371610617,3.03215E-07
ZNF880,1.277715996,0.000171396,TUBB2C,-1.37121424,2.619E-30
PP14571,1.27194763,5.80528E-05,TUBA1C,-1.370175843,3.15634E-42
PRICKLE4,1.271377995,0.000255949,SDC2,-1.360633549,2.61589E-06
MYL5,1.269389606,0.001889323,TUBB,-1.359570726,1.93151E-48
SLC38A7,1.269133398,3.9008E-06,LOC345643,-1.355865473,0.008848001
KLF4,1.267942532,8.07578E-25,RAI14,-1.353481787,5.79864E-15
RETSAT,1.267359275,8.69902E-16,JPH1,-1.349886497,2.98016E-10
CT62,1.26724342,0.009690548,PPIH,-1.347183358,4.04934E-16
UNC5B,1.264959821,1.86754E-11,SPSB4,-1.341902347,0.000157442
BBS9,1.262949316,0.002931761,CCDC77,-1.336749277,0.000622108
MTRNR2L2,1.260625507,0.036159179,SCARNA12,-1.333913835,0.005516399
TGFB2,1.260553447,0.018826654,FSD1,-1.333717668,0.002880532
STOM,1.259117686,1.05582E-08,ACSL4,-1.333201686,2.0271E-06
FBXO44,1.256890183,6.15065E-07,WDR67,-1.331576132,1.35691E-14
PLEKHB1,1.256457643,3.32327E-08,NFIX,-1.324603285,4.53058E-06
MIR492,1.25512639,3.5538E-11,NBL1,-1.32279725,8.91445E-10
TXLNB,1.255114491,0.007211471,SLC16A1,-1.321149402,1.75339E-05
TOM1L2,1.253675581,4.1883E-13,PAQR4,-1.320943803,2.89477E-17
FGF13,1.253469632,0.000134922,ARL6IP1,-1.320931808,1.2772E-41
SLC17A5,1.250364983,2.07939E-11,CKS2,-1.320896115,3.88395E-25
PCLO,1.249051449,0.007587931,KCNH2,-1.320667917,2.41501E-07
B4GALT1,1.248578094,3.01081E-11,ZNF93,-1.31826421,1.81537E-07
LOC401109,1.247811747,0.012530338,CCDC21,-1.318201012,5.83788E-14
UBASH3B,1.247298214,0.000150528,C12orf34,-1.318175947,1.51927E-07
DKK1,1.246792183,3.25882E-16,LOC644656,-1.312904498,0.045274837
MYO1E,1.244672757,3.53179E-06,ORC3,-1.312211293,9.37084E-17
TRIM38,1.242698629,1.5284E-08,CASP8AP2,-1.311920684,9.77483E-12
FAM189A2,1.242453396,0.007019685,ZNF566,-1.297433645,1.02402E-06
NADSYN1,1.24237714,5.50294E-13,NUDT1,-1.296781852,1.10663E-16
SH3BGR,1.240750947,0.000302371,SPIN4,-1.296448275,4.43775E-08
CCDC90B,1.236860004,8.67628E-12,FKBP5,-1.295768349,2.46982E-22
BBS1,1.236538385,1.04427E-09,RAD21,-1.291711563,7.0609E-39
ERV3,1.234358526,5.60868E-09,DOK1,-1.290881977,1.8274E-05
C18orf1,1.233999477,1.39326E-05,MMD,-1.29074741,4.87382E-08
CLDN1,1.233336705,0.01694599,SNORD22,-1.290432149,0.003033888
ATP8B2,1.232775659,1.02192E-21,TFDP1,-1.290268188,1.67191E-19
CAPS,1.230518436,0.021951688,ODC1,-1.286629726,4.20865E-12
MFGE8,1.23009355,0.0002763,XYLB,-1.283614113,0.000199822
ZNF552,1.226995191,1.20468E-12,MED30,-1.283120489,3.67186E-05
DNAH3,1.226754055,0.041109944,PDSS1,-1.282305767,1.82755E-11
MICB,1.226304092,7.83806E-05,DCLRE1A,-1.282191322,9.57116E-14
ST3GAL5,1.226037462,0.005634013,RLTPR,-1.280133602,0.002361616
KIAA0247,1.225865984,2.7965E-18,SLMO1,-1.279859927,0.000478313
ERRFI1,1.225821825,4.53809E-08,NKD2,-1.278141645,0.00681937
ODF2L,1.224795057,1.43506E-05,TMEM180,-1.278040533,0.000880086
SARDH,1.224119261,0.032302555,B4GALNT1,-1.27708875,2.85138E-15
ATP10D,1.223781573,0.020938246,MTHFD1,-1.276342436,7.67666E-37
ZNF20,1.221108684,7.20979E-08,LIN52,-1.275835497,2.60417E-08
TM7SF2,1.218311417,1.50688E-29,SMC3,-1.27567674,9.60602E-25
MYO1B,1.215940739,4.09513E-36,GRK6,-1.274866864,2.49204E-07
PAPSS2,1.215026068,7.90518E-28,C2orf7,-1.27344707,1.42935E-10
ST6GALNAC2,1.214740707,4.97745E-05,DLEU2,-1.272994167,0.026872914
LOC100131564,1.214525238,0.0004502,CACHD1,-1.272884577,0.000116116
AGXT2L2,1.21364317,4.95154E-12,ZNF100,-1.271194786,2.40124E-09
MALAT1,1.207545263,4.67412E-34,NUP155,-1.269304874,1.46731E-22
PBLD,1.207511682,9.93161E-08,MDM1,-1.268657707,5.33118E-08
C21orf57,1.204130137,0.000143936,MAST1,-1.267553412,0.012165483
ANXA4,1.202803413,2.5402E-06,HMGB1,-1.266865722,5.98828E-32
GSTT1,1.200574594,1.42731E-12,NUP205,-1.266360214,3.65244E-38
KIAA1257,1.19789325,0.045446766,HSD11B2,-1.26631686,0.003808065
BRWD3,1.197496434,0.003930261,KIF1A,-1.265668006,2.745E-15
ZNF225,1.196658526,0.047067426,TCF7L1,-1.260011403,0.039211622
ZNF490,1.195726613,1.86128E-05,C10orf119,-1.257104766,1.0076E-28
PREX1,1.195657825,7.2395E-38,FN3KRP,-1.256381,1.13681E-17
LMO7,1.194855257,2.96674E-09,PSIP1,-1.253768605,8.14189E-23
ZNF585A,1.194629073,0.001101571,TNFAIP2,-1.250174448,0.000155294
TPK1,1.194071105,0.002656231,GNB4,-1.249757638,2.34239E-21
HLA-DRB5,1.193630567,0.002927011,ZIC5,-1.248240797,0.000276699
POLD4,1.193314016,4.94253E-06,CBX5,-1.244398773,3.78083E-24
CLU,1.193186052,2.60034E-36,ATP1A3,-1.242548667,0.001016266
UBE2H,1.192722952,3.8564E-19,ACYP1,-1.242385959,0.000285718
MXD1,1.191158893,1.70345E-12,UCHL5,-1.242308812,9.88402E-22
PKD1L2,1.190963152,0.018207597,CCDC111,-1.239170815,0.017141353
SEPT9,1.190546152,0.000120773,PRPH,-1.238241041,0.012346095
SCD5,1.189340581,0.000533485,CHAC2,-1.236177224,6.66711E-06
SYT15,1.187862011,0.000122133,SH2B2,-1.232366514,0.00648159
DOCK1,1.187619064,3.80304E-07,38961,-1.228564904,0.005428533
MAPK15,1.187085527,7.10104E-05,SAP30,-1.220518439,9.25726E-08
SRPK3,1.186741317,0.039268636,GPN3,-1.219641245,3.29276E-13
SULT1A1,1.18648996,1.0014E-08,HIST2H2AC,-1.219308691,0.006179869
BCL6,1.184656037,5.61149E-11,EXPH5,-1.216988982,0.006121247
NLRX1,1.183272118,2.93093E-05,TYRO3,-1.214769393,1.49301E-16
INTU,1.182781053,0.00067739,SNORD17,-1.213951748,0.013078551
RHOC,1.182449141,2.48206E-09,C8orf85,-1.21324059,0.002568586
MAPRE3,1.182370113,4.35528E-11,FBXO27,-1.211975543,3.63627E-05
PPM1D,1.182087819,1.13593E-33,SSRP1,-1.210839517,2.05951E-32
AFF3,1.181940009,2.7625E-10,PKN3,-1.210432982,1.41857E-09
SLC12A6,1.181692465,5.83376E-08,SNHG1,-1.209181428,2.31742E-23
SPRY1,1.180485444,0.031476808,PIGW,-1.208705482,5.98968E-12
KIAA1383,1.179559227,0.001449564,GSTCD,-1.207281529,2.72988E-16
NCRNA00173,1.179204403,0.001707129,AKAP7,-1.205114966,0.028007301
BCL2L1,1.176464949,8.23173E-10,RNF138,-1.203610863,1.58486E-06
PYROXD2,1.176345793,5.30589E-09,CACYBP,-1.202807079,2.25616E-26
KRT19,1.175668114,1.55749E-23,NUP62CL,-1.200685233,0.030310743
S100A11,1.174419222,1.38471E-34,DDX39,-1.199206317,1.00485E-25
ELF3,1.173459972,1.37738E-30,EXOSC2,-1.190568848,1.19011E-19
WAS,1.173290121,0.049293535,UNG,-1.188280549,1.42315E-12
KCNK15,1.17273235,2.58967E-09,AADAT,-1.187989027,7.31994E-08
TMEM125,1.172269623,5.14621E-11,UBR7,-1.1875923,1.51855E-24
DHRS12,1.169879101,0.000500453,THOC4,-1.184658514,4.57178E-28
ZNF226,1.168244633,1.45817E-07,HNRNPAB,-1.184275365,2.55132E-33
SLC25A42,1.167968997,3.81405E-06,KCNK5,-1.183131226,0.005596099
TMEM117,1.165027188,0.003706591,SLC26A10,-1.180040697,1.31608E-05
C20orf194,1.164043029,0.000122693,PRRT4,-1.17817879,0.040946915
PPP1R3C,1.162829126,4.85136E-05,CACNB1,-1.175310307,0.013098024
TMEM86A,1.162718229,1.94369E-07,SRR,-1.173757505,0.00066704
L3MBTL1,1.162063527,0.036236276,TMEM191A,-1.172701701,0.004509841
CITED2,1.157135599,1.98352E-21,C1orf135,-1.170879845,0.000386315
GNG3,1.156277833,0.044106425,CNTNAP2,-1.170834155,0.030806569
FMO4,1.15579005,0.011369413,USP28,-1.170737364,5.61681E-11
LAMB3,1.155551191,0.000652621,SORBS3,-1.168826029,9.76912E-13
KRT86,1.155067575,0.001163948,TUBGCP3,-1.168166033,7.09826E-13
DYX1C1,1.154574614,0.024556365,HAUS1,-1.167815176,1.16354E-08
KHNYN,1.153757642,4.2843E-10,HSPA12A,-1.167319582,2.42378E-08
AEN,1.153534723,3.7691E-18,DCAF15,-1.166197831,5.05748E-15
RHOQ,1.153368884,1.62243E-20,NUP35,-1.163217381,2.56301E-12
ADAMTS9,1.152367002,0.000954985,ABCC4,-1.161044835,1.61326E-05
TSC22D3,1.15154666,2.2083E-05,CCDC75,-1.158913426,0.003883526
OCIAD2,1.151220141,1.22488E-12,SUV39H2,-1.158629575,3.87407E-14
BCL10,1.150883172,5.25146E-09,PPARA,-1.157771347,7.00688E-06
HTR2C,1.150163028,0.003378735,EXOSC9,-1.155382016,5.01699E-12
SASH1,1.148914698,3.08447E-09,PRPF4,-1.15525903,1.83083E-23
SNCAIP,1.145235257,0.0267356,C16orf93,-1.153630726,0.029313738
ZNF234,1.145120716,0.000313121,GEMIN4,-1.15220097,5.18771E-18
GBE1,1.145034383,6.1939E-09,C19orf48,-1.15093876,1.11375E-23
EML2,1.143936007,6.2751E-06,CD320,-1.150633521,2.23293E-05
GUCY1B2,1.143541383,0.008470087,C3orf26,-1.147588191,5.17933E-15
ZNF433,1.142133483,1.47311E-09,RELT,-1.145836733,4.05161E-08
COL4A5,1.141535898,2.02518E-10,GLT25D1,-1.142819312,1.20384E-11
SMAD3,1.140908678,2.44416E-24,CTDSPL,-1.141482251,2.67855E-11
RBL2,1.140534956,1.50554E-09,FOXRED2,-1.141326573,9.42174E-15
NCRNA00174,1.139836355,0.007935603,HAUS3,-1.140922677,3.96483E-09
UBTD1,1.139752471,7.00331E-05,ODF2,-1.140503978,7.05844E-25
TMEM150A,1.139586052,4.8777E-09,ERG,-1.140384156,0.01540632
LOC643596,1.138801925,0.002303072,TELO2,-1.139795355,6.56573E-18
AMT,1.138717617,0.044284274,PLEKHO1,-1.138755622,2.75098E-06
ABCC2,1.138696804,0.003320094,KIAA1712,-1.138105545,0.001453791
FGD3,1.13710245,3.06394E-12,NUP85,-1.136854403,3.17711E-18
CUEDC1,1.136979769,6.98181E-19,HAUS6,-1.134662672,2.19999E-09
RGL3,1.136869622,0.043542962,BRI3BP,-1.134380393,6.86358E-19
C9orf9,1.13510297,0.026353827,TOMM40,-1.133410992,4.18773E-23
MXRA8,1.130626789,0.004521821,IQCC,-1.132319587,0.000684805
RSPH3,1.129539544,2.4765E-05,SYNPO2,-1.13080535,2.34954E-07
RNF19A,1.127605019,8.81174E-07,PLIN2,-1.130270388,2.84602E-07
DIXDC1,1.12759708,0.00986399,MT1X,-1.129463641,0.000645755
FIBCD1,1.12625904,0.001016324,USP51,-1.129155931,0.004523448
FMN1,1.125266918,1.69434E-10,ZNF232,-1.126761629,0.003160752
HMGCL,1.124837264,1.37004E-08,RNF145,-1.126321709,0.008721481
CMBL,1.12355706,2.28957E-12,DPYSL5,-1.1257672,4.65558E-06
KIFAP3,1.122341757,0.000821211,CENPV,-1.12574331,0.00628036
ZNF862,1.121325623,1.83652E-07,C20orf27,-1.124592054,1.99929E-07
ATP7A,1.120737173,7.03045E-05,SLCO4A1,-1.121025032,1.62409E-10
BCMO1,1.120483569,0.011435823,MSH5,-1.119448468,0.000634832
LMBR1L,1.120482761,7.07324E-07,OSBPL6,-1.112603352,2.32532E-08
GLUL,1.120039322,1.91917E-28,NXT1,-1.111173378,1.16466E-11
PVRL4,1.117834294,1.48623E-15,TRIM59,-1.110766676,4.88035E-12
OPHN1,1.117432315,9.27234E-09,SLC39A8,-1.109620656,1.58718E-07
RAB26,1.115245142,1.48623E-15,ZBTB2,-1.105535491,3.61327E-15
ANTXR1,1.114222624,0.001111281,OLFM1,-1.10458571,5.06913E-17
PCNXL2,1.113832124,1.88945E-05,FSCN1,-1.10385955,1.57805E-09
TTLL3,1.113557961,0.04918592,RTN4R,-1.103421118,0.000717791
MORN2,1.112656063,1.49501E-08,ATAD3A,-1.103144871,3.00434E-11
SYTL5,1.111573644,0.009005328,LOC150776,-1.102534225,1.28216E-06
CAMK1D,1.109484977,5.29514E-08,ERLIN1,-1.101797475,3.5151E-17
MAP3K1,1.108962751,0.000127647,RAD1,-1.100080299,6.62047E-13
C14orf132,1.1078088,9.67898E-05,FGFR3,-1.0985325,6.8289E-16
SLC25A45,1.107662318,0.000625474,KAL1,-1.096213118,3.51909E-06
HIST1H2BC,1.107605164,0.004287552,CP110,-1.095801405,2.14129E-13
ARID4A,1.107419536,4.41477E-14,NUP188,-1.094168114,1.17012E-26
RPS6KL1,1.106529822,3.67623E-10,RBPMS2,-1.093817498,0.008619156
SUOX,1.105766392,1.15159E-18,CALML4,-1.092503525,1.12218E-05
KRT83,1.105712676,0.024553305,SAAL1,-1.09231172,8.55188E-10
MGC23284,1.105120802,0.007781995,CTU2,-1.090308756,1.19433E-13
SH3BP5,1.104147925,1.57854E-13,NR2C2AP,-1.089618786,5.20877E-11
VIPR1,1.103631708,0.000840792,PRPS2,-1.088691146,5.51365E-17
FGGY,1.101822099,2.32691E-05,PITX1,-1.087925125,3.45118E-09
FAM83A,1.101491432,0.04921686,C12orf32,-1.085601058,5.72586E-13
SMOX,1.101328276,0.028797537,TUBG1,-1.085570538,7.82803E-17
OLFM2,1.100627017,0.008436649,LMF2,-1.083806502,1.39727E-14
BNIPL,1.099728276,0.011985901,ZNF85,-1.083444461,2.63507E-05
C12orf76,1.099667086,0.000561777,FPGS,-1.083300545,2.40839E-17
C10orf116,1.099563965,9.28049E-25,FAM81A,-1.081774131,0.027279689
RWDD2A,1.097310207,2.89061E-06,HPRT1,-1.080396178,1.27357E-16
HSPA4L,1.096957745,2.17463E-19,KDELC2,-1.078333201,9.51423E-10
A4GALT,1.095029871,1.39622E-13,RP9P,-1.077176207,0.026023139
GPR173,1.094978128,1.83709E-06,RNF219,-1.076824504,3.73299E-06
SHISA4,1.09399884,0.00943729,MNX1,-1.075016107,1.00571E-05
SEC31B,1.092216406,0.049860864,RBBP8,-1.073391697,3.73211E-11
FAM174B,1.09152049,0.02393987,SLC25A28,-1.072598912,2.57924E-07
POU2F3,1.090581708,0.005194269,METTL4,-1.070606058,4.52294E-06
GRN,1.090580743,2.85307E-24,ULBP1,-1.067699447,0.002717266
NUAK1,1.090377337,1.0967E-08,UBL4A,-1.067571151,1.002E-15
MICAL1,1.088189546,7.81808E-10,ZNF273,-1.066794093,0.000608843
ATP8A2,1.088171585,0.014852122,LSM6,-1.065774204,9.67317E-07
BLOC1S2,1.087853037,3.0928E-20,CCDC163P,-1.065536287,0.048660332
BTG1,1.087674579,0.000252182,OAS3,-1.06551261,1.16216E-09
TMEM144,1.083617274,0.000108374,POLE3,-1.063981372,3.49825E-24
IGSF5,1.083509638,0.006299138,PRKDC,-1.063245822,1.09045E-11
PRSS22,1.078796038,4.8828E-16,AGPAT9,-1.062533993,0.011106914
LRP10,1.076195527,5.92635E-06,DIRAS1,-1.062273091,0.007710565
CAPG,1.074276414,1.1521E-05,NUP160,-1.061454422,7.06023E-25
KDM4A,1.074121139,1.33792E-21,CD3EAP,-1.061309849,0.000155784
BMP1,1.073495202,2.3894E-09,GABRA1,-1.061223192,0.008073943
ZNF277,1.073301054,5.45978E-08,ST5,-1.060901513,0.00657836
CYP4V2,1.070196577,0.025768861,TMEM121,-1.059896638,0.000193887
CAPN1,1.06956604,4.85531E-27,ZNF850,-1.059658771,0.025639442
FEZ1,1.069468846,0.003023494,RIF1,-1.059068276,1.01355E-23
EIF2C4,1.068210151,0.000302711,GAS2L1,-1.058988622,2.837E-14
FAM200A,1.067330875,0.001698931,IRX4,-1.051909807,0.000257433
GALC,1.064904913,0.017150459,ARL13B,-1.049615821,0.000360845
NFATC4,1.064482284,0.026308288,CCDC109B,-1.049035582,9.32459E-11
LOC100129716,1.06399419,0.037548519,SBDSP1,-1.047857037,4.53837E-12
PCDHA10,1.063022347,9.16948E-08,MRE11A,-1.047528948,6.15327E-09
CAT,1.06286984,2.89133E-18,PIGK,-1.047029481,1.98798E-08
MAGED2,1.061630299,2.9701E-22,SUN2,-1.046315171,9.29113E-15
KSR1,1.061082754,7.18093E-05,MATK,-1.045795934,2.53174E-08
ITGA3,1.059653511,1.24542E-19,DGCR5,-1.045075578,0.033394283
EXD3,1.059223327,0.000493107,PLP2,-1.044633752,9.21403E-20
ACCS,1.056524866,0.000101543,DSCR6,-1.044069954,0.00259396
PEX11G,1.055798992,0.042772312,MFI2,-1.042524574,0.000265305
PSD4,1.055449676,3.80234E-19,MAGOHB,-1.042247509,3.53262E-09
TRAK1,1.052399945,0.003332669,PBX3,-1.041898746,1.04843E-08
TMEM99,1.051229043,0.003192786,RNF125,-1.041735495,0.014012067
C15orf57,1.050763932,3.26793E-10,SMPD4,-1.040889947,9.13749E-18
APOE,1.049848244,0.00774385,MAD2L2,-1.039101647,1.02773E-09
TBC1D8B,1.049051702,0.001013418,LHX4,-1.036803031,0.000533166
RNF207,1.045124836,7.2793E-06,NAV1,-1.036392181,0.008598874
SLC6A14,1.04474099,4.69615E-14,KLHL13,-1.028534366,0.00072269
MED23,1.043538827,2.66693E-12,RAPGEF5,-1.027790264,0.04780998
TMBIM1,1.043004496,0.000304687,RPA3,-1.026602317,9.70351E-12
ADCK3,1.041918737,0.002571015,DPP4,-1.026269323,0.020243443
HES1,1.038847033,6.72772E-13,FJX1,-1.02623924,1.51874E-07
GOLGA7B,1.038589149,0.00058712,PHTF2,-1.025876074,1.01502E-15
C11orf52,1.038476308,1.19275E-05,NUP93,-1.024432065,1.74346E-15
GLRX,1.03751019,0.003924049,HSPB11,-1.024281727,9.46484E-05
C1orf226,1.037157057,2.91095E-11,PMM1,-1.023678766,1.28216E-06
EPS8L1,1.035561736,0.000958812,CHPT1,-1.023606701,1.53484E-16
RAB4B,1.035203852,7.68844E-05,SLCO4C1,-1.022726672,0.037943869
TPP1,1.035043868,8.98279E-11,PFAS,-1.022394495,1.2479E-09
ZNF563,1.030021321,0.006280163,NOXO1,-1.022284772,0.00223474
ARNTL,1.029827367,2.81939E-08,NOP56,-1.020735584,2.06197E-20
RND3,1.028901533,0.027840772,LIN54,-1.020706471,1.95089E-12
PIK3R2,1.028399518,4.54101E-24,HYLS1,-1.019870821,2.5766E-05
ZNF333,1.027047017,0.036146256,TMEM209,-1.018187211,8.20966E-06
MAP3K12,1.026395143,3.56993E-07,MAST2,-1.017234019,4.58463E-19
LRRC37A3,1.025394805,0.047793363,DLL1,-1.016583969,0.000258883
GHR,1.023237214,0.029976527,HNRNPD,-1.015104655,1.46581E-22
PMP22,1.022986007,0.00025128,CCDC88A,-1.010369332,0.044934842
RAB5B,1.021971259,1.27328E-22,MTFP1,-1.009735347,7.83935E-07
SRPX,1.021866747,0.03141188,VEGFB,-1.007428677,8.97053E-06
MKNK2,1.019438513,1.49643E-19,BOP1,-1.004918618,6.23288E-09
CELSR2,1.018561894,8.8014E-09,ALG10,-1.004845188,0.000143528
CSTA,1.017926789,0.002689431,PLCH1,-1.003400766,1.52346E-08
RIT1,1.017888958,6.65586E-11,NOLC1,-1.000813053,8.85992E-23
LHFPL2,1.014667191,6.85111E-14,SNRNP25,-1.000278325,1.19285E-18
GLDN,1.013539905,0.004404114,HMGN2,-1.000248693,1.01752E-14
C7orf60,1.013033203,0.000385638,SIP1,-1.000103058,1.72078E-05
RNASEL,1.010558532,1.10082E-09,,,
CNFN,1.009310621,0.010019308,,,
ANK3,1.007239448,2.15885E-21,,,
TEP1,1.006645494,5.15387E-17,,,
ACBD4,1.006574271,0.000733787,,,
FRK,1.006047231,8.04401E-05,,,
TAP1,1.005664617,8.4176E-05,,,
GPT,1.003652754,0.043809856,,,
RNF170,1.001859131,0.000115429,,,
PDCD4,1.000406418,1.08872E-07,,,
S100A6,1.000210523,0.000750798,,,